order,kind,false_wake,clip_idx,accent_group,transcript,true_intent,true_variation,true_slot,pred_intent,pred_slot,pred_variation,pred_variation_id,pred_raw,correct_intent,correct_command,slot_exact,slot_abs_error,slot_phonetic_dist,n_command_events,wake_logged,latency_s,infer_ms,audio_ms,speaker_id,is_synthetic,wake_take,audio_file
0,wake,,95,Synthetic,Start a timer for 1 minute,TIMER,Start a timer for 1 minute,1 minute,TIMER,1 minute,,,"{""audio_ms"":2640.0,""decision"":""execute"",""event"":""command"",""in_scope_score"":0.999993,""infer_ms"":12.165,""intent"":""TIMER"",""intent_confidence"":0.892423,""slot"":""1 minute""}",True,True,True,0.0,0.0,1,True,2.2212305068969727,12.165,2640.0,s10,True,1,audio/trial_000.wav
1,wake,,77,Synthetic,List my reminders,LIST_REMINDERS,List my reminders,,LIST_REMINDERS,,,,"{""audio_ms"":1620.0,""decision"":""execute"",""event"":""command"",""in_scope_score"":0.999991,""infer_ms"":8.032,""intent"":""LIST_REMINDERS"",""intent_confidence"":0.894753,""slot"":""""}",True,True,,,,1,True,1.4976139068603516,8.032,1620.0,s10,True,2,audio/trial_001.wav
2,wake,,140,Filipino (group),Change the brightness to 60 percent,BRIGHTNESS,Adjust brightness to 60 percent,60 percent,NO_RESPONSE,,,,,False,False,,,,0,False,,,,202520785,False,3,audio/trial_002.wav
3,wake,,54,Filipino (group),Volume down,VOLUME_DOWN,Volume down,,VOLUME_DOWN,,,,"{""audio_ms"":1380.0,""decision"":""execute"",""event"":""command"",""in_scope_score"":0.999951,""infer_ms"":7.409,""intent"":""VOLUME_DOWN"",""intent_confidence"":0.915343,""slot"":""""}",True,True,,,,1,True,1.1225214004516602,7.409,1380.0,202520785,False,1,audio/trial_003.wav
4,no_wake,False,157,Synthetic,Switch color to red,COLOR,Switch color to Red,Red,NO_RESPONSE,,,,,,,,,,0,False,,,,s100,True,0,audio/trial_004.wav
5,wake,,84,Filipino (group),Countdown for 10 seconds,TIMER,Countdown for 10 seconds,10 seconds,TIMER,10 seconds,,,"{""audio_ms"":2010.0,""decision"":""execute"",""event"":""command"",""in_scope_score"":0.999972,""infer_ms"":9.94,""intent"":""TIMER"",""intent_confidence"":0.886358,""slot"":""10 seconds""}",True,True,True,0.0,0.0,1,True,1.5951259136199951,9.94,2010.0,202520785,False,2,audio/trial_005.wav
6,wake,,169,Synthetic,Reminder drink water,CREATE_REMINDER,Reminder Drink water,Drink water,OUT_OF_SCOPE,,,,"{""audio_ms"":2070.0,""decision"":""unsupported"",""event"":""command"",""in_scope_score"":0.999245,""infer_ms"":6.783,""intent"":""OUT_OF_SCOPE"",""intent_confidence"":0.658372,""slot"":""""}",False,False,,,,1,True,2.2587549686431885,6.783,2070.0,s10,True,3,audio/trial_006.wav
7,wake,,162,Filipino (group),Color Red,COLOR,Set color to Red,Red,OUT_OF_SCOPE,,,,"{""audio_ms"":1230.0,""decision"":""unsupported"",""event"":""command"",""in_scope_score"":0.997823,""infer_ms"":7.064,""intent"":""OUT_OF_SCOPE"",""intent_confidence"":0.596674,""slot"":""""}",False,False,,,,1,True,0.38431310653686523,7.064,1230.0,202520785,False,1,audio/trial_007.wav
8,wake,,46,Filipino (group),Play next song,NEXT,Play next song,,OUT_OF_SCOPE,,,,"{""audio_ms"":1290.0,""decision"":""unsupported"",""event"":""command"",""in_scope_score"":0.998945,""infer_ms"":7.089,""intent"":""OUT_OF_SCOPE"",""intent_confidence"":0.898948,""slot"":""""}",False,False,,,,1,True,1.405085802078247,7.089,1290.0,202520785,False,2,audio/trial_008.wav
9,wake,,147,Synthetic,Brightness level 60 percent,BRIGHTNESS,Brightness level 60 percent,60 percent,BRIGHTNESS,60 percent,,,"{""audio_ms"":2880.0,""decision"":""execute"",""event"":""command"",""in_scope_score"":0.999934,""infer_ms"":12.811,""intent"":""BRIGHTNESS"",""intent_confidence"":0.878286,""slot"":""60 percent""}",True,True,True,0.0,0.0,1,True,1.9520878791809082,12.811,2880.0,s100,True,3,audio/trial_009.wav
10,wake,,148,Synthetic,Brightness level 100 percent,BRIGHTNESS,Brightness level 100 percent,100 percent,BRIGHTNESS,100 percent,,,"{""audio_ms"":2430.0,""decision"":""execute"",""event"":""command"",""in_scope_score"":0.999988,""infer_ms"":11.317,""intent"":""BRIGHTNESS"",""intent_confidence"":0.874717,""slot"":""100 percent""}",True,True,True,0.0,0.0,1,True,1.3730709552764893,11.317,2430.0,s10,True,1,audio/trial_010.wav
11,wake,,97,Synthetic,Alarm 6 AM,ALARM,Alarm 6:00 AM,6:00 AM,NO_RESPONSE,,,,,False,False,,,,0,False,,,,s10,True,2,audio/trial_011.wav
12,wake,,149,Synthetic,Brightness level 100 percent,BRIGHTNESS,Brightness level 100 percent,100 percent,OUT_OF_SCOPE,,,,"{""audio_ms"":2820.0,""decision"":""unsupported"",""event"":""command"",""in_scope_score"":0.99988,""infer_ms"":12.536,""intent"":""OUT_OF_SCOPE"",""intent_confidence"":0.865098,""slot"":""""}",False,False,,,,1,True,1.4103691577911377,12.536,2820.0,s100,True,3,audio/trial_012.wav
13,wake,,8,Filipino (group),What's the weather?,WEATHER,What's the weather?,,OUT_OF_SCOPE,,,,"{""audio_ms"":1410.0,""decision"":""unsupported"",""event"":""command"",""in_scope_score"":0.059034,""infer_ms"":7.562,""intent"":""OUT_OF_SCOPE"",""intent_confidence"":0.884822,""slot"":""""}",False,False,,,,1,True,1.4249587059020996,7.562,1410.0,202520785,False,1,audio/trial_013.wav
14,wake,,173,Synthetic,Reminder exercise,CREATE_REMINDER,Reminder Exercise,Exercise,OUT_OF_SCOPE,,,,"{""audio_ms"":1770.0,""decision"":""unsupported"",""event"":""command"",""in_scope_score"":0.028008,""infer_ms"":9.246,""intent"":""OUT_OF_SCOPE"",""intent_confidence"":0.416904,""slot"":""""}",False,False,,,,1,True,1.5339899063110352,9.246,1770.0,s10,True,2,audio/trial_014.wav
15,wake,,62,Filipino (group),Make a call,CALL,Make a call,,CALL,,,,"{""audio_ms"":1260.0,""decision"":""execute"",""event"":""command"",""in_scope_score"":0.999975,""infer_ms"":7.007,""intent"":""CALL"",""intent_confidence"":0.90294,""slot"":""""}",True,True,,,,1,True,1.1058149337768555,7.007,1260.0,202520785,False,3,audio/trial_015.wav
16,wake,,109,Synthetic,Set an alarm for 6 AM,ALARM,Set an alarm for 6:00 AM,6:00 AM,ALARM,6 00 am,,,"{""audio_ms"":1770.0,""decision"":""execute"",""event"":""command"",""in_scope_score"":0.999994,""infer_ms"":8.886,""intent"":""ALARM"",""intent_confidence"":0.91817,""slot"":""6 00 am""}",True,True,True,0.0,0.3333333333333333,1,True,1.5409529209136963,8.886,1770.0,s10,True,1,audio/trial_016.wav
17,wake,,13,Synthetic,Time,TIME,Time,,TIME,,,,"{""audio_ms"":1050.0,""decision"":""execute"",""event"":""command"",""in_scope_score"":0.999979,""infer_ms"":6.36,""intent"":""TIME"",""intent_confidence"":0.903377,""slot"":""""}",True,True,,,,1,True,1.4651217460632324,6.36,1050.0,s10,True,2,audio/trial_017.wav
18,wake,,135,Synthetic,Brightness 60 percent,BRIGHTNESS,Brightness 60 percent,60 percent,BRIGHTNESS,60 percent,,,"{""audio_ms"":2160.0,""decision"":""execute"",""event"":""command"",""in_scope_score"":0.999989,""infer_ms"":10.393,""intent"":""BRIGHTNESS"",""intent_confidence"":0.896877,""slot"":""60 percent""}",True,True,True,0.0,0.0,1,True,1.6622850894927979,10.393,2160.0,s10,True,3,audio/trial_018.wav
19,wake,,102,Filipino (group),Wake me up at 6:00 AM,ALARM,Wake me up at 6:00 AM,6:00 AM,ALARM,6 00 am,,,"{""audio_ms"":2280.0,""decision"":""execute"",""event"":""command"",""in_scope_score"":0.999994,""infer_ms"":10.881,""intent"":""ALARM"",""intent_confidence"":0.913131,""slot"":""6 00 am""}",True,True,True,0.0,0.3333333333333333,1,True,1.4704453945159912,10.881,2280.0,202520785,False,1,audio/trial_019.wav
20,wake,,110,Filipino (group),Set an alarm for 8:00 AM,ALARM,Set an alarm for 8:00 AM,8:00 AM,ALARM,forht am,,,"{""audio_ms"":2310.0,""decision"":""execute"",""event"":""command"",""in_scope_score"":0.999996,""infer_ms"":10.96,""intent"":""ALARM"",""intent_confidence"":0.956495,""slot"":""forht am""}",True,False,False,,0.3333333333333333,1,True,1.4360404014587402,10.96,2310.0,202520785,False,2,audio/trial_020.wav
21,wake,,170,Filipino (group),Reminder Study,CREATE_REMINDER,Reminder Study,Study,OUT_OF_SCOPE,,,,"{""audio_ms"":2460.0,""decision"":""unsupported"",""event"":""command"",""in_scope_score"":0.999691,""infer_ms"":11.3,""intent"":""OUT_OF_SCOPE"",""intent_confidence"":0.892079,""slot"":""""}",False,False,,,,1,True,2.166065216064453,11.3,2460.0,202520785,False,3,audio/trial_021.wav
22,wake,,78,Filipino (group),Timer 10 seconds,TIMER,Timer 10 seconds,10 seconds,TIMER,10 seconds,,,"{""audio_ms"":2160.0,""decision"":""execute"",""event"":""command"",""in_scope_score"":0.999936,""infer_ms"":10.03,""intent"":""TIMER"",""intent_confidence"":0.907523,""slot"":""10 seconds""}",True,True,True,0.0,0.0,1,True,1.5309765338897705,10.03,2160.0,202520785,False,1,audio/trial_022.wav
23,wake,,131,Synthetic,Set the temperature to 26 degrees,TEMPERATURE,Set the temperature to 26 degrees,26 degrees,NO_RESPONSE,,,,,False,False,,,,0,False,,,,s10,True,2,audio/trial_023.wav
24,wake,,94,Filipino (group),Start a timer for 1 minute,TIMER,Start a timer for 1 minute,1 minute,NO_RESPONSE,,,,,False,False,,,,0,False,,,,202520785,False,3,audio/trial_024.wav
25,wake,,179,Synthetic,Remind me to exercise,CREATE_REMINDER,Remind me to Exercise,Exercise,OUT_OF_SCOPE,,,,"{""audio_ms"":2760.0,""decision"":""unsupported"",""event"":""command"",""in_scope_score"":0.950479,""infer_ms"":12.595,""intent"":""OUT_OF_SCOPE"",""intent_confidence"":0.818053,""slot"":""""}",False,False,,,,1,True,1.7326686382293701,12.595,2760.0,s10,True,1,audio/trial_025.wav
26,wake,,113,Synthetic,Set an alarm for 9 PM,ALARM,Set an alarm for 9:00 PM,9:00 PM,ALARM,9 00 pm,,,"{""audio_ms"":2100.0,""decision"":""execute"",""event"":""command"",""in_scope_score"":0.999981,""infer_ms"":10.18,""intent"":""ALARM"",""intent_confidence"":0.916896,""slot"":""9 00 pm""}",True,True,True,0.0,0.375,1,True,1.5393116474151611,10.18,2100.0,s10,True,2,audio/trial_026.wav
27,wake,,138,Filipino (group),Change the brightness to 20 percent,BRIGHTNESS,Adjust brightness to 20 percent,20 percent,BRIGHTNESS,20 percent,,,"{""audio_ms"":2310.0,""decision"":""execute"",""event"":""command"",""in_scope_score"":0.999992,""infer_ms"":10.84,""intent"":""BRIGHTNESS"",""intent_confidence"":0.922789,""slot"":""20 percent""}",True,True,True,0.0,0.0,1,True,1.571185827255249,10.84,2310.0,202520785,False,3,audio/trial_027.wav
28,wake,,80,Filipino (group),Timer 30 seconds,TIMER,Timer 30 seconds,30 seconds,TIMER,30 seconds,,,"{""audio_ms"":1950.0,""decision"":""execute"",""event"":""command"",""in_scope_score"":0.999993,""infer_ms"":9.854,""intent"":""TIMER"",""intent_confidence"":0.890442,""slot"":""30 seconds""}",True,True,True,0.0,0.0,1,True,1.5416936874389648,9.854,1950.0,202520785,False,1,audio/trial_028.wav
29,wake,,6,Filipino (group),Weather,WEATHER,Weather,,OUT_OF_SCOPE,,,,"{""audio_ms"":870.0,""decision"":""low_confidence"",""event"":""command"",""in_scope_score"":0.99998,""infer_ms"":5.846,""intent"":""OUT_OF_SCOPE"",""intent_confidence"":0.723757,""slot"":""""}",False,False,,,,1,True,1.3487763404846191,5.846,870.0,202520785,False,2,audio/trial_029.wav
30,wake,,145,Synthetic,Brightness level 20 percent,BRIGHTNESS,Brightness level 20 percent,20 percent,BRIGHTNESS,10 percent,,,"{""audio_ms"":2280.0,""decision"":""execute"",""event"":""command"",""in_scope_score"":0.999915,""infer_ms"":10.548,""intent"":""BRIGHTNESS"",""intent_confidence"":0.894284,""slot"":""10 percent""}",True,False,False,10.0,0.2,1,True,1.3953070640563965,10.548,2280.0,s100,True,3,audio/trial_030.wav
31,no_wake,False,174,Filipino (group),Remind me to Drink water,CREATE_REMINDER,Remind me to Drink water,Drink water,NO_RESPONSE,,,,,,,,,,0,False,,,,202520785,False,0,audio/trial_031.wav
32,wake,,126,Filipino (group),Set the temperature to 18 degrees,TEMPERATURE,Set the temperature to 18 degrees,18 degrees,OUT_OF_SCOPE,,,,"{""audio_ms"":3870.0,""decision"":""unsupported"",""event"":""command"",""in_scope_score"":0.997204,""infer_ms"":16.776,""intent"":""OUT_OF_SCOPE"",""intent_confidence"":0.934176,""slot"":""""}",False,False,,,,1,True,2.5787971019744873,16.776,3870.0,202520785,False,1,audio/trial_032.wav
33,wake,,130,Filipino (group),Set the temperature to 26 degrees,TEMPERATURE,Set the temperature to 26 degrees,26 degrees,OUT_OF_SCOPE,,,,"{""audio_ms"":2880.0,""decision"":""unsupported"",""event"":""command"",""in_scope_score"":0.999125,""infer_ms"":12.354,""intent"":""OUT_OF_SCOPE"",""intent_confidence"":0.766676,""slot"":""""}",False,False,,,,1,True,0.7510147094726562,12.354,2880.0,202520785,False,2,audio/trial_033.wav
34,wake,,124,Filipino (group),Change the temperature to 26 degrees,TEMPERATURE,Change the temperature to 26 degrees,26 degrees,OUT_OF_SCOPE,,,,"{""audio_ms"":2550.0,""decision"":""unsupported"",""event"":""command"",""in_scope_score"":0.009353,""infer_ms"":11.567,""intent"":""OUT_OF_SCOPE"",""intent_confidence"":0.251363,""slot"":""""}",False,False,,,,1,True,1.5345661640167236,11.567,2550.0,202520785,False,3,audio/trial_034.wav
35,wake,,34,Filipino (group),Pause this song,PAUSE,Pause song,,NO_RESPONSE,,,,,False,False,,,,0,False,,,,202520785,False,1,audio/trial_035.wav
36,wake,,142,Filipino (group),Set the brightness to 100 percent,BRIGHTNESS,Adjust brightness to 100 percent,100 percent,BRIGHTNESS,20 peren,,,"{""audio_ms"":2550.0,""decision"":""execute"",""event"":""command"",""in_scope_score"":0.999981,""infer_ms"":11.685,""intent"":""BRIGHTNESS"",""intent_confidence"":0.940143,""slot"":""20 peren""}",True,False,False,80.0,0.5714285714285714,1,True,1.5498714447021484,11.685,2550.0,202520785,False,2,audio/trial_036.wav
37,wake,,167,Synthetic,Set color to green,COLOR,Set color to Green,Green,COLOR,green,,,"{""audio_ms"":1290.0,""decision"":""execute"",""event"":""command"",""in_scope_score"":0.999957,""infer_ms"":6.867,""intent"":""COLOR"",""intent_confidence"":0.90719,""slot"":""green""}",True,True,True,,0.0,1,True,1.54487943649292,6.867,1290.0,s10,True,3,audio/trial_037.wav
38,wake,,21,Synthetic,Power on the lights,LIGHT_ON,Power on the lights,,NO_RESPONSE,,,,,False,False,,,,0,False,,,,s10,True,1,audio/trial_038.wav
39,wake,,123,Synthetic,Change the temperature to 22 degrees,TEMPERATURE,Change the temperature to 22 degrees,22 degrees,NO_RESPONSE,,,,,False,False,,,,0,False,,,,s10,True,2,audio/trial_039.wav
40,wake,,7,Synthetic,Weather,WEATHER,Weather,,OUT_OF_SCOPE,,,,"{""audio_ms"":780.0,""decision"":""unsupported"",""event"":""command"",""in_scope_score"":0.999887,""infer_ms"":5.337,""intent"":""OUT_OF_SCOPE"",""intent_confidence"":0.794848,""slot"":""""}",False,False,,,,1,True,1.4973936080932617,5.337,780.0,s10,True,3,audio/trial_040.wav
41,wake,,118,Filipino (group),Temperature 26 degrees,TEMPERATURE,Temperature 26 degrees,26 degrees,OUT_OF_SCOPE,,,,"{""audio_ms"":2580.0,""decision"":""unsupported"",""event"":""command"",""in_scope_score"":0.989164,""infer_ms"":11.388,""intent"":""OUT_OF_SCOPE"",""intent_confidence"":0.660806,""slot"":""""}",False,False,,,,1,True,1.4227027893066406,11.388,2580.0,202520785,False,1,audio/trial_041.wav
42,wake,,52,Filipino (group),Turn the volume up,VOLUME_UP,Turn the volume up,,VOLUME_UP,,,,"{""audio_ms"":1560.0,""decision"":""execute"",""event"":""command"",""in_scope_score"":0.999998,""infer_ms"":8.046,""intent"":""VOLUME_UP"",""intent_confidence"":0.87523,""slot"":""""}",True,True,,,,1,True,1.6019561290740967,8.046,1560.0,202520785,False,2,audio/trial_042.wav
43,wake,,99,Synthetic,Alarm 8 AM,ALARM,Alarm 8:00 AM,8:00 AM,NO_RESPONSE,,,,,False,False,,,,0,False,,,,s10,True,3,audio/trial_043.wav
44,wake,,198,Synthetic,Book a table for two tonight.,OUT_OF_SCOPE,,,OUT_OF_SCOPE,,,,"{""audio_ms"":2220.0,""decision"":""unsupported"",""event"":""command"",""in_scope_score"":0.33941,""infer_ms"":10.556,""intent"":""OUT_OF_SCOPE"",""intent_confidence"":0.379703,""slot"":""""}",True,True,,,,1,True,1.564206838607788,10.556,2220.0,s10,True,1,audio/trial_044.wav
45,wake,,114,Filipino (group),Temperature 18 degrees,TEMPERATURE,Temperature 18 degrees,18 degrees,OUT_OF_SCOPE,,,,"{""audio_ms"":2250.0,""decision"":""unsupported"",""event"":""command"",""in_scope_score"":0.011978,""infer_ms"":10.598,""intent"":""OUT_OF_SCOPE"",""intent_confidence"":0.493292,""slot"":""""}",False,False,,,,1,True,1.5259900093078613,10.598,2250.0,202520785,False,2,audio/trial_045.wav
46,wake,,50,Filipino (group),Increase the volume,VOLUME_UP,Increase the volume,,OUT_OF_SCOPE,,,,"{""audio_ms"":1470.0,""decision"":""unsupported"",""event"":""command"",""in_scope_score"":0.998356,""infer_ms"":7.841,""intent"":""OUT_OF_SCOPE"",""intent_confidence"":0.858214,""slot"":""""}",False,False,,,,1,True,-0.4569427967071533,7.841,1470.0,202520785,False,3,audio/trial_046.wav
47,wake,,159,Synthetic,Switch color to blue,COLOR,Switch color to Blue,Blue,COLOR,blue,,,"{""audio_ms"":2070.0,""decision"":""execute"",""event"":""command"",""in_scope_score"":0.99996,""infer_ms"":10.073,""intent"":""COLOR"",""intent_confidence"":0.89774,""slot"":""blue""}",True,True,True,,0.0,1,True,1.514298677444458,10.073,2070.0,s100,True,1,audio/trial_047.wav
48,wake,,172,Filipino (group),Reminder Exercise,CREATE_REMINDER,Reminder Exercise,Exercise,OUT_OF_SCOPE,,,,"{""audio_ms"":2040.0,""decision"":""unsupported"",""event"":""command"",""in_scope_score"":0.997,""infer_ms"":10.251,""intent"":""OUT_OF_SCOPE"",""intent_confidence"":0.8056,""slot"":""""}",False,False,,,,1,True,1.4715261459350586,10.251,2040.0,202520785,False,2,audio/trial_048.wav
49,wake,,125,Synthetic,Change the temperature to 26 degrees,TEMPERATURE,Change the temperature to 26 degrees,26 degrees,OUT_OF_SCOPE,,,,"{""audio_ms"":2880.0,""decision"":""low_confidence"",""event"":""command"",""in_scope_score"":0.999994,""infer_ms"":12.258,""intent"":""OUT_OF_SCOPE"",""intent_confidence"":0.860453,""slot"":""""}",False,False,,,,1,True,1.5001256465911865,12.258,2880.0,s10,True,3,audio/trial_049.wav
50,wake,,143,Synthetic,Adjust brightness to 100 percent,BRIGHTNESS,Adjust brightness to 100 percent,100 percent,NO_RESPONSE,,,,,False,False,,,,0,False,,,,s10,True,1,audio/trial_050.wav
51,wake,,185,Synthetic,Create a reminder to exercise,CREATE_REMINDER,Create a reminder to Exercise,Exercise,CREATE_REMINDER,exercise,,,"{""audio_ms"":2730.0,""decision"":""execute"",""event"":""command"",""in_scope_score"":0.999949,""infer_ms"":12.375,""intent"":""CREATE_REMINDER"",""intent_confidence"":0.920974,""slot"":""exercise""}",True,True,True,,0.0,1,True,1.5054984092712402,12.375,2730.0,s10,True,2,audio/trial_051.wav
52,wake,,26,Filipino (group),Kill the lights,LIGHT_OFF,Kill the lights,,OUT_OF_SCOPE,,,,"{""audio_ms"":1320.0,""decision"":""unsupported"",""event"":""command"",""in_scope_score"":0.99279,""infer_ms"":7.726,""intent"":""OUT_OF_SCOPE"",""intent_confidence"":0.904483,""slot"":""""}",False,False,,,,1,True,-1.467787504196167,7.726,1320.0,202520785,False,3,audio/trial_052.wav
53,wake,,60,Filipino (group),Call,CALL,Call,,CALL,,,,"{""audio_ms"":870.0,""decision"":""execute"",""event"":""command"",""in_scope_score"":0.999976,""infer_ms"":5.376,""intent"":""CALL"",""intent_confidence"":0.908175,""slot"":""""}",True,True,,,,1,True,1.196709156036377,5.376,870.0,202520785,False,1,audio/trial_053.wav
54,wake,,89,Synthetic,Countdown for 1 minute,TIMER,Countdown for 1 minute,1 minute,OUT_OF_SCOPE,,,,"{""audio_ms"":1710.0,""decision"":""unsupported"",""event"":""command"",""in_scope_score"":0.99964,""infer_ms"":8.475,""intent"":""OUT_OF_SCOPE"",""intent_confidence"":0.883829,""slot"":""""}",False,False,,,,1,True,1.5017294883728027,8.475,1710.0,s10,True,2,audio/trial_054.wav
55,wake,,92,Filipino (group),Start a timer for 30 seconds,TIMER,Start a timer for 30 seconds,30 seconds,TIMER,30 seeconds,,,"{""audio_ms"":2820.0,""decision"":""execute"",""event"":""command"",""in_scope_score"":0.999965,""infer_ms"":12.124,""intent"":""TIMER"",""intent_confidence"":0.872547,""slot"":""30 seeconds""}",True,True,True,0.0,0.0,1,True,1.5486721992492676,12.124,2820.0,202520785,False,3,audio/trial_055.wav
56,no_wake,False,65,Synthetic,Make a phone call,CALL,Make a phone call,,NO_RESPONSE,,,,,,,,,,0,False,,,,s10,True,0,audio/trial_056.wav
57,wake,,14,Filipino (group),What time is it?,TIME,What time is it?,,OUT_OF_SCOPE,,,,"{""audio_ms"":1320.0,""decision"":""unsupported"",""event"":""command"",""in_scope_score"":0.993468,""infer_ms"":6.97,""intent"":""OUT_OF_SCOPE"",""intent_confidence"":0.898981,""slot"":""""}",False,False,,,,1,True,1.5279133319854736,6.97,1320.0,202520785,False,1,audio/trial_057.wav
58,wake,,156,Synthetic,Switch color to red,COLOR,Switch color to Red,Red,COLOR,red,,,"{""audio_ms"":1380.0,""decision"":""execute"",""event"":""command"",""in_scope_score"":0.999939,""infer_ms"":7.789,""intent"":""COLOR"",""intent_confidence"":0.913265,""slot"":""red""}",True,True,True,,0.0,1,True,1.420802116394043,7.789,1380.0,s10,True,2,audio/trial_058.wav
59,wake,,76,Filipino (group),List my reminders,LIST_REMINDERS,List my reminders,,LIST_REMINDERS,,,,"{""audio_ms"":1980.0,""decision"":""execute"",""event"":""command"",""in_scope_score"":0.999976,""infer_ms"":9.54,""intent"":""LIST_REMINDERS"",""intent_confidence"":0.90409,""slot"":""""}",True,True,,,,1,True,1.4839973449707031,9.54,1980.0,202520785,False,3,audio/trial_059.wav
60,wake,,134,Filipino (group),Brightness 60 percent,BRIGHTNESS,Brightness 60 percent,60 percent,NO_RESPONSE,,,,,False,False,,,,0,False,,,,202520785,False,1,audio/trial_060.wav
61,wake,,197,Synthetic,My sister is visiting next month.,OUT_OF_SCOPE,,,OUT_OF_SCOPE,,,,"{""audio_ms"":2880.0,""decision"":""unsupported"",""event"":""command"",""in_scope_score"":0.997458,""infer_ms"":12.021,""intent"":""OUT_OF_SCOPE"",""intent_confidence"":0.886613,""slot"":""""}",True,True,,,,1,True,1.8117718696594238,12.021,2880.0,s10,True,2,audio/trial_061.wav
62,wake,,47,Synthetic,Play next song,NEXT,Play next song,,NEXT,,,,"{""audio_ms"":1170.0,""decision"":""execute"",""event"":""command"",""in_scope_score"":0.999985,""infer_ms"":6.749,""intent"":""NEXT"",""intent_confidence"":0.889272,""slot"":""""}",True,True,,,,1,True,1.3799188137054443,6.749,1170.0,s10,True,3,audio/trial_062.wav
63,wake,,157,Synthetic,Switch color to red,COLOR,Switch color to Red,Red,NO_RESPONSE,,,,,False,False,,,,0,False,,,,s100,True,1,audio/trial_063.wav
64,wake,,187,Filipino (open-source),Then they scrambled round the rocks to the other side of the house.,OUT_OF_SCOPE,,,OUT_OF_SCOPE,,,,"{""audio_ms"":4080.0,""decision"":""low_confidence"",""event"":""command"",""in_scope_score"":0.999948,""infer_ms"":16.576,""intent"":""OUT_OF_SCOPE"",""intent_confidence"":0.860944,""slot"":""""}",True,True,,,,1,True,1.6089909076690674,16.576,4080.0,0365b018a15ab96510f1368f4910554f97f6c278320e780c89e4989e9fdef0e557feb655cc9a89282ab0b8effbf5c920cf83193d6e0536e03d2ea84c6dca7559,False,2,audio/trial_064.wav
65,wake,,23,Synthetic,Turn on the lights,LIGHT_ON,Turn on the lights,,LIGHT_ON,,,,"{""audio_ms"":1350.0,""decision"":""execute"",""event"":""command"",""in_scope_score"":0.999989,""infer_ms"":7.406,""intent"":""LIGHT_ON"",""intent_confidence"":0.912803,""slot"":""""}",True,True,,,,1,True,1.478015661239624,7.406,1350.0,s10,True,3,audio/trial_065.wav
66,wake,,59,Synthetic,Turn the volume down,VOLUME_DOWN,Turn the volume down,,VOLUME_DOWN,,,,"{""audio_ms"":1380.0,""decision"":""execute"",""event"":""command"",""in_scope_score"":0.99999,""infer_ms"":7.074,""intent"":""VOLUME_DOWN"",""intent_confidence"":0.898316,""slot"":""""}",True,True,,,,1,True,1.5222105979919434,7.074,1380.0,s10,True,1,audio/trial_066.wav
67,wake,,141,Synthetic,Adjust brightness to 60 percent,BRIGHTNESS,Adjust brightness to 60 percent,60 percent,BRIGHTNESS,60 percent,,,"{""audio_ms"":2730.0,""decision"":""execute"",""event"":""command"",""in_scope_score"":0.999984,""infer_ms"":11.858,""intent"":""BRIGHTNESS"",""intent_confidence"":0.909823,""slot"":""60 percent""}",True,True,True,0.0,0.0,1,True,1.4904067516326904,11.858,2730.0,s10,True,2,audio/trial_067.wav
68,wake,,35,Synthetic,Pause song,PAUSE,Pause song,,PAUSE,,,,"{""audio_ms"":1170.0,""decision"":""execute"",""event"":""command"",""in_scope_score"":0.999986,""infer_ms"":6.318,""intent"":""PAUSE"",""intent_confidence"":0.90579,""slot"":""""}",True,True,,,,1,True,1.3853154182434082,6.318,1170.0,s10,True,3,audio/trial_068.wav
69,wake,,74,Filipino (group),Show my reminders,LIST_REMINDERS,Show my reminders,,LIST_REMINDERS,,,,"{""audio_ms"":1590.0,""decision"":""execute"",""event"":""command"",""in_scope_score"":0.999972,""infer_ms"":8.111,""intent"":""LIST_REMINDERS"",""intent_confidence"":0.878051,""slot"":""""}",True,True,,,,1,True,1.4925029277801514,8.111,1590.0,202520785,False,1,audio/trial_069.wav
70,wake,,177,Synthetic,Remind me to study,CREATE_REMINDER,Remind me to Study,Study,NO_RESPONSE,,,,,False,False,,,,0,False,,,,s10,True,2,audio/trial_070.wav
71,wake,,49,Synthetic,Volume up,VOLUME_UP,Volume up,,NO_RESPONSE,,,,,False,False,,,,0,False,,,,s10,True,3,audio/trial_071.wav
72,wake,,193,Native English,Fetch my socks,OUT_OF_SCOPE,,,OUT_OF_SCOPE,,,,"{""audio_ms"":1410.0,""decision"":""unsupported"",""event"":""command"",""in_scope_score"":0.155323,""infer_ms"":6.779,""intent"":""OUT_OF_SCOPE"",""intent_confidence"":0.585959,""slot"":""""}",True,True,,,,1,True,1.4814045429229736,6.779,1410.0,R3mXwwoaX9IoRVKe,False,1,audio/trial_072.wav
73,wake,,186,Filipino (open-source),They first met while both studying at University College Dublin.,OUT_OF_SCOPE,,,NO_RESPONSE,,,,,True,True,,,,0,False,,,,0365b018a15ab96510f1368f4910554f97f6c278320e780c89e4989e9fdef0e557feb655cc9a89282ab0b8effbf5c920cf83193d6e0536e03d2ea84c6dca7559,False,2,audio/trial_073.wav
74,wake,,116,Filipino (group),Temperature 22 degrees,TEMPERATURE,Temperature 22 degrees,22 degrees,OUT_OF_SCOPE,,,,"{""audio_ms"":2430.0,""decision"":""unsupported"",""event"":""command"",""in_scope_score"":7.5e-05,""infer_ms"":10.883,""intent"":""OUT_OF_SCOPE"",""intent_confidence"":0.327737,""slot"":""""}",False,False,,,,1,True,1.2574434280395508,10.883,2430.0,202520785,False,3,audio/trial_074.wav
75,wake,,188,Filipino (open-source),Then they scrambled round the rocks to the other side of the house.,OUT_OF_SCOPE,,,OUT_OF_SCOPE,,,,"{""audio_ms"":3960.0,""decision"":""unsupported"",""event"":""command"",""in_scope_score"":0.99948,""infer_ms"":16.695,""intent"":""OUT_OF_SCOPE"",""intent_confidence"":0.831438,""slot"":""""}",True,True,,,,1,True,1.562790870666504,16.695,3960.0,0365b018a15ab96510f1368f4910554f97f6c278320e780c89e4989e9fdef0e557feb655cc9a89282ab0b8effbf5c920cf83193d6e0536e03d2ea84c6dca7559,False,1,audio/trial_075.wav
76,wake,,30,Filipino (group),Pause,PAUSE,Pause,,OUT_OF_SCOPE,,,,"{""audio_ms"":900.0,""decision"":""unsupported"",""event"":""command"",""in_scope_score"":0.999824,""infer_ms"":6.324,""intent"":""OUT_OF_SCOPE"",""intent_confidence"":0.895218,""slot"":""""}",False,False,,,,1,True,1.515791893005371,6.324,900.0,202520785,False,2,audio/trial_076.wav
77,wake,,12,Filipino (group),Time,TIME,Time,,TIME,,,,"{""audio_ms"":780.0,""decision"":""execute"",""event"":""command"",""in_scope_score"":0.99999,""infer_ms"":4.956,""intent"":""TIME"",""intent_confidence"":0.893605,""slot"":""""}",True,True,,,,1,True,1.4506142139434814,4.956,780.0,202520785,False,3,audio/trial_077.wav
78,wake,,139,Synthetic,Adjust brightness to 20 percent,BRIGHTNESS,Adjust brightness to 20 percent,20 percent,BRIGHTNESS,20 percent,,,"{""audio_ms"":2700.0,""decision"":""execute"",""event"":""command"",""in_scope_score"":0.999988,""infer_ms"":12.106,""intent"":""BRIGHTNESS"",""intent_confidence"":0.89911,""slot"":""20 percent""}",True,True,True,0.0,0.0,1,True,1.4774088859558105,12.106,2700.0,s10,True,1,audio/trial_078.wav
79,wake,,37,Synthetic,Stop,STOP,Stop,,STOP,,,,"{""audio_ms"":750.0,""decision"":""execute"",""event"":""command"",""in_scope_score"":0.999983,""infer_ms"":5.339,""intent"":""STOP"",""intent_confidence"":0.893285,""slot"":""""}",True,True,,,,1,True,1.6120009422302246,5.339,750.0,s10,True,2,audio/trial_079.wav
80,wake,,183,Synthetic,Create a reminder to study,CREATE_REMINDER,Create a reminder to Study,Study,CREATE_REMINDER,study,,,"{""audio_ms"":2160.0,""decision"":""execute"",""event"":""command"",""in_scope_score"":0.999937,""infer_ms"":9.965,""intent"":""CREATE_REMINDER"",""intent_confidence"":0.949466,""slot"":""study""}",True,True,True,,0.0,1,True,1.4897825717926025,9.965,2160.0,s10,True,3,audio/trial_080.wav
81,wake,,72,Filipino (group),Reminders,LIST_REMINDERS,Reminders,,OUT_OF_SCOPE,,,,"{""audio_ms"":1500.0,""decision"":""unsupported"",""event"":""command"",""in_scope_score"":0.999633,""infer_ms"":7.769,""intent"":""OUT_OF_SCOPE"",""intent_confidence"":0.646008,""slot"":""""}",False,False,,,,1,True,0.9468886852264404,7.769,1500.0,202520785,False,1,audio/trial_081.wav
82,wake,,160,Synthetic,Switch color to green,COLOR,Switch color to Green,Green,COLOR,green,,,"{""audio_ms"":1560.0,""decision"":""execute"",""event"":""command"",""in_scope_score"":0.99999,""infer_ms"":7.803,""intent"":""COLOR"",""intent_confidence"":0.885163,""slot"":""green""}",True,True,True,,0.0,1,True,1.4837863445281982,7.803,1560.0,s10,True,2,audio/trial_082.wav
83,wake,,128,Filipino (group),Set the temperature to 22 degrees,TEMPERATURE,Set the temperature to 22 degrees,22 degrees,TEMPERATURE,18 degrees,,,"{""audio_ms"":2940.0,""decision"":""execute"",""event"":""command"",""in_scope_score"":0.999957,""infer_ms"":12.941,""intent"":""TEMPERATURE"",""intent_confidence"":0.870653,""slot"":""18 degrees""}",True,False,False,4.0,0.5,1,True,0.7824060916900635,12.941,2940.0,202520785,False,3,audio/trial_083.wav
84,wake,,10,Filipino (group),Tell me the weather,WEATHER,Tell me the weather,,OUT_OF_SCOPE,,,,"{""audio_ms"":1410.0,""decision"":""unsupported"",""event"":""command"",""in_scope_score"":0.998208,""infer_ms"":7.541,""intent"":""OUT_OF_SCOPE"",""intent_confidence"":0.868285,""slot"":""""}",False,False,,,,1,True,1.5059614181518555,7.541,1410.0,202520785,False,1,audio/trial_084.wav
85,wake,,83,Synthetic,Timer 1 minute,TIMER,Timer 1 minute,1 minute,TIMER,1 minute,,,"{""audio_ms"":1170.0,""decision"":""execute"",""event"":""command"",""in_scope_score"":0.99993,""infer_ms"":6.617,""intent"":""TIMER"",""intent_confidence"":0.930138,""slot"":""1 minute""}",True,True,True,0.0,0.0,1,True,1.4479289054870605,6.617,1170.0,s10,True,2,audio/trial_085.wav
86,wake,,66,Filipino (group),Message,MESSAGE,Message,,OUT_OF_SCOPE,,,,"{""audio_ms"":1620.0,""decision"":""low_confidence"",""event"":""command"",""in_scope_score"":0.999987,""infer_ms"":8.08,""intent"":""OUT_OF_SCOPE"",""intent_confidence"":0.692797,""slot"":""""}",False,False,,,,1,True,1.0890214443206787,8.08,1620.0,202520785,False,3,audio/trial_086.wav
87,no_wake,False,17,Synthetic,Tell me the time,TIME,Tell me the time,,NO_RESPONSE,,,,,,,,,,0,False,,,,s10,True,0,audio/trial_087.wav
88,wake,,1,Synthetic,Play music,PLAY_MUSIC,Play music,,OUT_OF_SCOPE,,,,"{""audio_ms"":1170.0,""decision"":""low_confidence"",""event"":""command"",""in_scope_score"":0.999983,""infer_ms"":6.483,""intent"":""OUT_OF_SCOPE"",""intent_confidence"":0.854879,""slot"":""""}",False,False,,,,1,True,1.5136206150054932,6.483,1170.0,s10,True,1,audio/trial_088.wav
89,wake,,151,Synthetic,Change color to red,COLOR,Change color to Red,Red,COLOR,red,,,"{""audio_ms"":1500.0,""decision"":""execute"",""event"":""command"",""in_scope_score"":0.999995,""infer_ms"":11.226,""intent"":""COLOR"",""intent_confidence"":0.90802,""slot"":""red""}",True,True,True,,0.0,1,True,1.4389011859893799,11.226,1500.0,s10,True,2,audio/trial_089.wav
90,wake,,56,Filipino (group),Lower the volume,VOLUME_DOWN,Lower the volume,,OUT_OF_SCOPE,,,,"{""audio_ms"":1710.0,""decision"":""low_confidence"",""event"":""command"",""in_scope_score"":0.999989,""infer_ms"":8.383,""intent"":""OUT_OF_SCOPE"",""intent_confidence"":0.41935,""slot"":""""}",False,False,,,,1,True,0.6493382453918457,8.383,1710.0,202520785,False,3,audio/trial_090.wav
91,wake,,67,Synthetic,Message,MESSAGE,Message,,OUT_OF_SCOPE,,,,"{""audio_ms"":810.0,""decision"":""unsupported"",""event"":""command"",""in_scope_score"":0.969574,""infer_ms"":5.503,""intent"":""OUT_OF_SCOPE"",""intent_confidence"":0.526074,""slot"":""""}",False,False,,,,1,True,1.4804952144622803,5.503,810.0,s10,True,1,audio/trial_091.wav
92,wake,,88,Filipino (group),Countdown for 1 minute,TIMER,Countdown for 1 minute,1 minute,OUT_OF_SCOPE,,,,"{""audio_ms"":1950.0,""decision"":""unsupported"",""event"":""command"",""in_scope_score"":0.999617,""infer_ms"":9.39,""intent"":""OUT_OF_SCOPE"",""intent_confidence"":0.930382,""slot"":""""}",False,False,,,,1,True,1.6159522533416748,9.39,1950.0,202520785,False,2,audio/trial_092.wav
93,wake,,41,Synthetic,End playback,STOP,End playback,,OUT_OF_SCOPE,,,,"{""audio_ms"":1320.0,""decision"":""unsupported"",""event"":""command"",""in_scope_score"":0.999636,""infer_ms"":7.026,""intent"":""OUT_OF_SCOPE"",""intent_confidence"":0.924234,""slot"":""""}",False,False,,,,1,True,1.095977783203125,7.026,1320.0,s10,True,3,audio/trial_093.wav
94,wake,,51,Synthetic,Increase the volume,VOLUME_UP,Increase the volume,,VOLUME_UP,,,,"{""audio_ms"":1770.0,""decision"":""execute"",""event"":""command"",""in_scope_score"":0.999991,""infer_ms"":8.415,""intent"":""VOLUME_UP"",""intent_confidence"":0.868603,""slot"":""""}",True,True,,,,1,True,1.7058775424957275,8.415,1770.0,s10,True,1,audio/trial_094.wav
95,wake,,68,Filipino (group),Send a message,MESSAGE,Send a message,,OUT_OF_SCOPE,,,,"{""audio_ms"":1830.0,""decision"":""unsupported"",""event"":""command"",""in_scope_score"":0.965969,""infer_ms"":9.242,""intent"":""OUT_OF_SCOPE"",""intent_confidence"":0.676112,""slot"":""""}",False,False,,,,1,True,1.6097536087036133,9.242,1830.0,202520785,False,2,audio/trial_095.wav
96,wake,,45,Synthetic,Skip song,NEXT,Skip song,,OUT_OF_SCOPE,,,,"{""audio_ms"":900.0,""decision"":""unsupported"",""event"":""command"",""in_scope_score"":0.969471,""infer_ms"":5.396,""intent"":""OUT_OF_SCOPE"",""intent_confidence"":0.823639,""slot"":""""}",False,False,,,,1,True,1.4932835102081299,5.396,900.0,s10,True,3,audio/trial_096.wav
97,wake,,122,Filipino (group),Change the temperature to 22 degrees,TEMPERATURE,Change the temperature to 22 degrees,22 degrees,OUT_OF_SCOPE,,,,"{""audio_ms"":2820.0,""decision"":""unsupported"",""event"":""command"",""in_scope_score"":0.001623,""infer_ms"":12.335,""intent"":""OUT_OF_SCOPE"",""intent_confidence"":0.584845,""slot"":""""}",False,False,,,,1,True,1.6797711849212646,12.335,2820.0,202520785,False,1,audio/trial_097.wav
98,wake,,15,Synthetic,What time is it?,TIME,What time is it?,,TIME,,,,"{""audio_ms"":1170.0,""decision"":""execute"",""event"":""command"",""in_scope_score"":0.999973,""infer_ms"":6.504,""intent"":""TIME"",""intent_confidence"":0.889299,""slot"":""""}",True,True,,,,1,True,1.5525422096252441,6.504,1170.0,s10,True,2,audio/trial_098.wav
99,wake,,73,Synthetic,Reminders,LIST_REMINDERS,Reminders,,OUT_OF_SCOPE,,,,"{""audio_ms"":1200.0,""decision"":""unsupported"",""event"":""command"",""in_scope_score"":0.999474,""infer_ms"":7.208,""intent"":""OUT_OF_SCOPE"",""intent_confidence"":0.916377,""slot"":""""}",False,False,,,,1,True,1.549530029296875,7.208,1200.0,s10,True,3,audio/trial_099.wav
100,wake,,43,Synthetic,Next song,NEXT,Next song,,NEXT,,,,"{""audio_ms"":1230.0,""decision"":""execute"",""event"":""command"",""in_scope_score"":0.999964,""infer_ms"":6.758,""intent"":""NEXT"",""intent_confidence"":0.901683,""slot"":""""}",True,True,,,,1,True,1.5102734565734863,6.758,1230.0,s10,True,1,audio/trial_100.wav
101,wake,,200,Synthetic,Find flights to Cebu.,OUT_OF_SCOPE,,,OUT_OF_SCOPE,,,,"{""audio_ms"":1620.0,""decision"":""unsupported"",""event"":""command"",""in_scope_score"":0.001068,""infer_ms"":7.808,""intent"":""OUT_OF_SCOPE"",""intent_confidence"":0.466863,""slot"":""""}",True,True,,,,1,True,0.22383856773376465,7.808,1620.0,s100,True,2,audio/trial_101.wav
102,no_wake,False,107,Synthetic,Wake me up at 9 PM,ALARM,Wake me up at 9:00 PM,9:00 PM,NO_RESPONSE,,,,,,,,,,0,False,,,,s10,True,0,audio/trial_102.wav
103,wake,,155,Synthetic,Change color to green,COLOR,Change color to Green,Green,COLOR,green,,,"{""audio_ms"":1620.0,""decision"":""execute"",""event"":""command"",""in_scope_score"":0.99999,""infer_ms"":8.043,""intent"":""COLOR"",""intent_confidence"":0.898679,""slot"":""green""}",True,True,True,,0.0,1,True,1.4882135391235352,8.043,1620.0,s10,True,3,audio/trial_103.wav
104,wake,,5,Synthetic,Play some music,PLAY_MUSIC,Play some music,,PLAY_MUSIC,,,,"{""audio_ms"":1230.0,""decision"":""execute"",""event"":""command"",""in_scope_score"":0.999995,""infer_ms"":6.606,""intent"":""PLAY_MUSIC"",""intent_confidence"":0.90177,""slot"":""""}",True,True,,,,1,True,1.4436390399932861,6.606,1230.0,s10,True,1,audio/trial_104.wav
105,wake,,153,Synthetic,Change color to blue,COLOR,Change color to Blue,Blue,COLOR,blue,,,"{""audio_ms"":1650.0,""decision"":""execute"",""event"":""command"",""in_scope_score"":0.999976,""infer_ms"":8.614,""intent"":""COLOR"",""intent_confidence"":0.923356,""slot"":""blue""}",True,True,True,,0.0,1,True,1.534682273864746,8.614,1650.0,s10,True,2,audio/trial_105.wav
106,wake,,104,Filipino (group),Wake me up at 8:00 AM,ALARM,Wake me up at 8:00 AM,8:00 AM,OUT_OF_SCOPE,,,,"{""audio_ms"":2130.0,""decision"":""unsupported"",""event"":""command"",""in_scope_score"":0.998752,""infer_ms"":10.744,""intent"":""OUT_OF_SCOPE"",""intent_confidence"":0.808963,""slot"":""""}",False,False,,,,1,True,0.35572361946105957,10.744,2130.0,202520785,False,3,audio/trial_106.wav
107,wake,,36,Filipino (group),Stop music,STOP,Stop,,STOP,,,,"{""audio_ms"":1500.0,""decision"":""execute"",""event"":""command"",""in_scope_score"":0.999988,""infer_ms"":7.572,""intent"":""STOP"",""intent_confidence"":0.904081,""slot"":""""}",True,True,,,,1,True,0.23602938652038574,7.572,1500.0,202520785,False,1,audio/trial_107.wav
108,wake,,65,Synthetic,Make a phone call,CALL,Make a phone call,,CALL,,,,"{""audio_ms"":1410.0,""decision"":""execute"",""event"":""command"",""in_scope_score"":0.999989,""infer_ms"":7.349,""intent"":""CALL"",""intent_confidence"":0.898511,""slot"":""""}",True,True,,,,1,True,1.5309441089630127,7.349,1410.0,s10,True,2,audio/trial_108.wav
109,wake,,85,Synthetic,Countdown for 10 seconds,TIMER,Countdown for 10 seconds,10 seconds,OUT_OF_SCOPE,,,,"{""audio_ms"":1890.0,""decision"":""unsupported"",""event"":""command"",""in_scope_score"":0.999717,""infer_ms"":9.822,""intent"":""OUT_OF_SCOPE"",""intent_confidence"":0.905041,""slot"":""""}",False,False,,,,1,True,1.546328067779541,9.822,1890.0,s10,True,3,audio/trial_109.wav
110,wake,,19,Synthetic,Lights on,LIGHT_ON,Lights on,,LIGHT_ON,,,,"{""audio_ms"":1050.0,""decision"":""execute"",""event"":""command"",""in_scope_score"":0.999994,""infer_ms"":6.305,""intent"":""LIGHT_ON"",""intent_confidence"":0.906716,""slot"":""""}",True,True,,,,1,True,1.4383177757263184,6.305,1050.0,s10,True,1,audio/trial_110.wav
111,wake,,57,Synthetic,Lower the volume,VOLUME_DOWN,Lower the volume,,OUT_OF_SCOPE,,,,"{""audio_ms"":1380.0,""decision"":""low_confidence"",""event"":""command"",""in_scope_score"":0.999998,""infer_ms"":7.049,""intent"":""OUT_OF_SCOPE"",""intent_confidence"":0.815489,""slot"":""""}",False,False,,,,1,True,1.5241055488586426,7.049,1380.0,s10,True,2,audio/trial_111.wav
112,wake,,112,Filipino (group),Set an alarm for 9:00 PM,ALARM,Set an alarm for 9:00 PM,9:00 PM,ALARM,9 00 pm,,,"{""audio_ms"":2340.0,""decision"":""execute"",""event"":""command"",""in_scope_score"":0.999991,""infer_ms"":11.049,""intent"":""ALARM"",""intent_confidence"":0.884255,""slot"":""9 00 pm""}",True,True,True,0.0,0.375,1,True,1.1390197277069092,11.049,2340.0,202520785,False,3,audio/trial_112.wav
113,wake,,105,Synthetic,Wake me up at 8 AM,ALARM,Wake me up at 8:00 AM,8:00 AM,ALARM,8 n0 am,,,"{""audio_ms"":1710.0,""decision"":""execute"",""event"":""command"",""in_scope_score"":0.999996,""infer_ms"":8.781,""intent"":""ALARM"",""intent_confidence"":0.897227,""slot"":""8 n0 am""}",True,True,True,0.0,0.5,1,True,1.379504680633545,8.781,1710.0,s10,True,1,audio/trial_113.wav
114,wake,,161,Synthetic,Switch color to green,COLOR,Switch color to Green,Green,COLOR,green,,,"{""audio_ms"":1800.0,""decision"":""execute"",""event"":""command"",""in_scope_score"":0.999992,""infer_ms"":9.385,""intent"":""COLOR"",""intent_confidence"":0.902249,""slot"":""green""}",True,True,True,,0.0,1,True,1.457953929901123,9.385,1800.0,s100,True,2,audio/trial_114.wav
115,no_wake,False,34,Filipino (group),Pause this song,PAUSE,Pause song,,NO_RESPONSE,,,,,,,,,,0,False,,,,202520785,False,0,audio/trial_115.wav
116,wake,,133,Synthetic,Brightness 20 percent,BRIGHTNESS,Brightness 20 percent,20 percent,OUT_OF_SCOPE,,,,"{""audio_ms"":1950.0,""decision"":""unsupported"",""event"":""command"",""in_scope_score"":0.999898,""infer_ms"":9.601,""intent"":""OUT_OF_SCOPE"",""intent_confidence"":0.883357,""slot"":""""}",False,False,,,,1,True,1.2951464653015137,9.601,1950.0,s10,True,3,audio/trial_116.wav
117,wake,,190,Native English,Decrease the heating,OUT_OF_SCOPE,,,OUT_OF_SCOPE,,,,"{""audio_ms"":1440.0,""decision"":""unsupported"",""event"":""command"",""in_scope_score"":0.101403,""infer_ms"":8.039,""intent"":""OUT_OF_SCOPE"",""intent_confidence"":0.694478,""slot"":""""}",True,True,,,,1,True,1.520559549331665,8.039,1440.0,R3mXwwoaX9IoRVKe,False,1,audio/trial_117.wav
118,wake,,3,Synthetic,Start music,PLAY_MUSIC,Start music,,PLAY_MUSIC,,,,"{""audio_ms"":1200.0,""decision"":""execute"",""event"":""command"",""in_scope_score"":0.999998,""infer_ms"":6.475,""intent"":""PLAY_MUSIC"",""intent_confidence"":0.906517,""slot"":""""}",True,True,,,,1,True,1.4668455123901367,6.475,1200.0,s10,True,2,audio/trial_118.wav
119,wake,,111,Synthetic,Set an alarm for 8 AM,ALARM,Set an alarm for 8:00 AM,8:00 AM,ALARM,8 00 am,,,"{""audio_ms"":2280.0,""decision"":""execute"",""event"":""command"",""in_scope_score"":0.999999,""infer_ms"":10.815,""intent"":""ALARM"",""intent_confidence"":0.898116,""slot"":""8 00 am""}",True,True,True,0.0,0.375,1,True,1.468883991241455,10.815,2280.0,s10,True,3,audio/trial_119.wav
120,wake,,44,Filipino (group),Skip song,NEXT,Skip song,,NEXT,,,,"{""audio_ms"":1410.0,""decision"":""execute"",""event"":""command"",""in_scope_score"":0.999945,""infer_ms"":7.287,""intent"":""NEXT"",""intent_confidence"":0.897204,""slot"":""""}",True,True,,,,1,True,1.3979978561401367,7.287,1410.0,202520785,False,1,audio/trial_120.wav
121,wake,,120,Filipino (group),Change the temperature to 18 degrees,TEMPERATURE,Change the temperature to 18 degrees,18 degrees,OUT_OF_SCOPE,,,,"{""audio_ms"":2940.0,""decision"":""unsupported"",""event"":""command"",""in_scope_score"":0.99796,""infer_ms"":12.946,""intent"":""OUT_OF_SCOPE"",""intent_confidence"":0.762804,""slot"":""""}",False,False,,,,1,True,0.7200303077697754,12.946,2940.0,202520785,False,2,audio/trial_121.wav
122,wake,,58,Filipino (group),Turn the volume down,VOLUME_DOWN,Turn the volume down,,VOLUME_UP,,,,"{""audio_ms"":1680.0,""decision"":""execute"",""event"":""command"",""in_scope_score"":0.999997,""infer_ms"":8.712,""intent"":""VOLUME_UP"",""intent_confidence"":0.893891,""slot"":""""}",False,False,,,,1,True,1.2292158603668213,8.712,1680.0,202520785,False,3,audio/trial_122.wav
123,wake,,171,Synthetic,Reminder study,CREATE_REMINDER,Reminder Study,Study,OUT_OF_SCOPE,,,,"{""audio_ms"":1260.0,""decision"":""unsupported"",""event"":""command"",""in_scope_score"":0.997639,""infer_ms"":6.975,""intent"":""OUT_OF_SCOPE"",""intent_confidence"":0.834454,""slot"":""""}",False,False,,,,1,True,1.5797584056854248,6.975,1260.0,s10,True,1,audio/trial_123.wav
124,wake,,100,Synthetic,Alarm 9 PM,ALARM,Alarm 9:00 PM,9:00 PM,ALARM,9 00 pm,,,"{""audio_ms"":1980.0,""decision"":""execute"",""event"":""command"",""in_scope_score"":0.999941,""infer_ms"":9.562,""intent"":""ALARM"",""intent_confidence"":0.866037,""slot"":""9 00 pm""}",True,True,True,0.0,0.375,1,True,1.135491132736206,9.562,1980.0,s10,True,2,audio/trial_124.wav
125,no_wake,False,84,Filipino (group),Countdown for 10 seconds,TIMER,Countdown for 10 seconds,10 seconds,NO_RESPONSE,,,,,,,,,,0,False,,,,202520785,False,0,audio/trial_125.wav
126,wake,,176,Filipino (group),Remind me to Study,CREATE_REMINDER,Remind me to Study,Study,OUT_OF_SCOPE,,,,"{""audio_ms"":1710.0,""decision"":""unsupported"",""event"":""command"",""in_scope_score"":0.999793,""infer_ms"":8.568,""intent"":""OUT_OF_SCOPE"",""intent_confidence"":0.924559,""slot"":""""}",False,False,,,,1,True,1.5009589195251465,8.568,1710.0,202520785,False,3,audio/trial_126.wav
127,wake,,101,Synthetic,Alarm 9 PM,ALARM,Alarm 9:00 PM,9:00 PM,OUT_OF_SCOPE,,,,"{""audio_ms"":2580.0,""decision"":""unsupported"",""event"":""command"",""in_scope_score"":0.996139,""infer_ms"":10.745,""intent"":""OUT_OF_SCOPE"",""intent_confidence"":0.82402,""slot"":""""}",False,False,,,,1,True,1.3027944564819336,10.745,2580.0,s100,True,1,audio/trial_127.wav
128,wake,,22,Filipino (group),Turn on the lights,LIGHT_ON,Turn on the lights,,LIGHT_ON,,,,"{""audio_ms"":1740.0,""decision"":""execute"",""event"":""command"",""in_scope_score"":0.999994,""infer_ms"":8.806,""intent"":""LIGHT_ON"",""intent_confidence"":0.887975,""slot"":""""}",True,True,,,,1,True,1.5549542903900146,8.806,1740.0,202520785,False,2,audio/trial_128.wav
129,wake,,201,Synthetic,We're going to the beach on Saturday.,OUT_OF_SCOPE,,,OUT_OF_SCOPE,,,,"{""audio_ms"":990.0,""decision"":""unsupported"",""event"":""command"",""in_scope_score"":9.1e-05,""infer_ms"":6.247,""intent"":""OUT_OF_SCOPE"",""intent_confidence"":0.136555,""slot"":""""}",True,True,,,,1,True,-3.151577949523926,6.247,990.0,s100,True,3,audio/trial_129.wav
130,wake,,98,Filipino (group),Alarm 8:00 AM,ALARM,Alarm 8:00 AM,8:00 AM,OUT_OF_SCOPE,,,,"{""audio_ms"":1200.0,""decision"":""unsupported"",""event"":""command"",""in_scope_score"":3.6e-05,""infer_ms"":6.42,""intent"":""OUT_OF_SCOPE"",""intent_confidence"":0.210172,""slot"":""""}",False,False,,,,1,True,1.4244821071624756,6.42,1200.0,202520785,False,1,audio/trial_130.wav
131,wake,,192,Native English,Go get me some juice,OUT_OF_SCOPE,,,OUT_OF_SCOPE,,,,"{""audio_ms"":2040.0,""decision"":""unsupported"",""event"":""command"",""in_scope_score"":0.0,""infer_ms"":9.415,""intent"":""OUT_OF_SCOPE"",""intent_confidence"":0.152679,""slot"":""""}",True,True,,,,1,True,1.9923579692840576,9.415,2040.0,R3mXwwoaX9IoRVKe,False,2,audio/trial_131.wav
132,wake,,27,Synthetic,Kill the lights,LIGHT_OFF,Kill the lights,,LIGHT_OFF,,,,"{""audio_ms"":1440.0,""decision"":""execute"",""event"":""command"",""in_scope_score"":0.999935,""infer_ms"":7.304,""intent"":""LIGHT_OFF"",""intent_confidence"":0.892341,""slot"":""""}",True,True,,,,1,True,1.509253740310669,7.304,1440.0,s10,True,3,audio/trial_132.wav
133,wake,,106,Filipino (group),Wake me up at 9:00 PM,ALARM,Wake me up at 9:00 PM,9:00 PM,OUT_OF_SCOPE,,,,"{""audio_ms"":2340.0,""decision"":""unsupported"",""event"":""command"",""in_scope_score"":0.999866,""infer_ms"":10.617,""intent"":""OUT_OF_SCOPE"",""intent_confidence"":0.915582,""slot"":""""}",False,False,,,,1,True,-0.30191540718078613,10.617,2340.0,202520785,False,1,audio/trial_133.wav
134,wake,,75,Synthetic,Show my reminders,LIST_REMINDERS,Show my reminders,,OUT_OF_SCOPE,,,,"{""audio_ms"":1530.0,""decision"":""unsupported"",""event"":""command"",""in_scope_score"":0.9999,""infer_ms"":7.893,""intent"":""OUT_OF_SCOPE"",""intent_confidence"":0.924223,""slot"":""""}",False,False,,,,1,True,1.529517650604248,7.893,1530.0,s10,True,2,audio/trial_134.wav
135,wake,,189,Native English,Kitchen heat up,OUT_OF_SCOPE,,,OUT_OF_SCOPE,,,,"{""audio_ms"":1260.0,""decision"":""unsupported"",""event"":""command"",""in_scope_score"":3.4e-05,""infer_ms"":6.57,""intent"":""OUT_OF_SCOPE"",""intent_confidence"":0.511409,""slot"":""""}",True,True,,,,1,True,1.4917643070220947,6.57,1260.0,R3mXwwoaX9IoRVKe,False,3,audio/trial_135.wav
136,wake,,165,Synthetic,Set color to blue,COLOR,Set color to Blue,Blue,COLOR,blue,,,"{""audio_ms"":1320.0,""decision"":""execute"",""event"":""command"",""in_scope_score"":0.999974,""infer_ms"":7.136,""intent"":""COLOR"",""intent_confidence"":0.905995,""slot"":""blue""}",True,True,True,,0.0,1,True,1.5205683708190918,7.136,1320.0,s10,True,1,audio/trial_136.wav
137,wake,,96,Filipino (group),Alarm 6:00 AM,ALARM,Alarm 6:00 AM,6:00 AM,ALARM,6 00 am,,,"{""audio_ms"":2640.0,""decision"":""execute"",""event"":""command"",""in_scope_score"":0.999995,""infer_ms"":12.124,""intent"":""ALARM"",""intent_confidence"":0.919152,""slot"":""6 00 am""}",True,True,True,0.0,0.3333333333333333,1,True,1.4453399181365967,12.124,2640.0,202520785,False,2,audio/trial_137.wav
138,wake,,40,Native English,Turn off the music,STOP,End playback,,OUT_OF_SCOPE,,,,"{""audio_ms"":1680.0,""decision"":""low_confidence"",""event"":""command"",""in_scope_score"":0.999966,""infer_ms"":8.044,""intent"":""OUT_OF_SCOPE"",""intent_confidence"":0.752251,""slot"":""""}",False,False,,,,1,True,1.5273206233978271,8.044,1680.0,R3mXwwoaX9IoRVKe,False,3,audio/trial_138.wav
139,wake,,69,Synthetic,Send a message,MESSAGE,Send a message,,MESSAGE,,,,"{""audio_ms"":1320.0,""decision"":""execute"",""event"":""command"",""in_scope_score"":0.999994,""infer_ms"":6.97,""intent"":""MESSAGE"",""intent_confidence"":0.884698,""slot"":""""}",True,True,,,,1,True,1.5239589214324951,6.97,1320.0,s10,True,1,audio/trial_139.wav
140,wake,,39,Synthetic,Stop playing,STOP,Stop playing,,STOP,,,,"{""audio_ms"":1140.0,""decision"":""execute"",""event"":""command"",""in_scope_score"":0.999989,""infer_ms"":6.515,""intent"":""STOP"",""intent_confidence"":0.895334,""slot"":""""}",True,True,,,,1,True,1.4885640144348145,6.515,1140.0,s10,True,2,audio/trial_140.wav
141,wake,,64,Filipino (group),Make a phone call,CALL,Make a phone call,,OUT_OF_SCOPE,,,,"{""audio_ms"":1500.0,""decision"":""unsupported"",""event"":""command"",""in_scope_score"":0.998621,""infer_ms"":7.381,""intent"":""OUT_OF_SCOPE"",""intent_confidence"":0.874553,""slot"":""""}",False,False,,,,1,True,0.6966314315795898,7.381,1500.0,202520785,False,3,audio/trial_141.wav
142,wake,,38,Filipino (group),Stop playing music,STOP,Stop playing,,NO_RESPONSE,,,,,False,False,,,,0,False,,,,202520785,False,1,audio/trial_142.wav
143,wake,,115,Synthetic,Temperature 18 degrees,TEMPERATURE,Temperature 18 degrees,18 degrees,TEMPERATURE,18 degrees,,,"{""audio_ms"":2280.0,""decision"":""execute"",""event"":""command"",""in_scope_score"":0.99995,""infer_ms"":10.464,""intent"":""TEMPERATURE"",""intent_confidence"":0.916399,""slot"":""18 degrees""}",True,True,True,0.0,0.0,1,True,1.5292561054229736,10.464,2280.0,s10,True,2,audio/trial_143.wav
144,wake,,31,Synthetic,Pause,PAUSE,Pause,,PAUSE,,,,"{""audio_ms"":630.0,""decision"":""execute"",""event"":""command"",""in_scope_score"":0.999983,""infer_ms"":4.825,""intent"":""PAUSE"",""intent_confidence"":0.902797,""slot"":""""}",True,True,,,,1,True,1.3352248668670654,4.825,630.0,s10,True,3,audio/trial_144.wav
145,no_wake,False,137,Synthetic,Brightness 100 percent,BRIGHTNESS,Brightness 100 percent,100 percent,NO_RESPONSE,,,,,,,,,,0,False,,,,s10,True,0,audio/trial_145.wav
146,wake,,86,Filipino (group),Countdown for 30 seconds,TIMER,Countdown for 30 seconds,30 seconds,NO_RESPONSE,,,,,False,False,,,,0,False,,,,202520785,False,1,audio/trial_146.wav
147,wake,,180,Filipino (group),Create a reminder to Drink water,CREATE_REMINDER,Create a reminder to Drink water,Drink water,OUT_OF_SCOPE,,,,"{""audio_ms"":2730.0,""decision"":""unsupported"",""event"":""command"",""in_scope_score"":0.553194,""infer_ms"":11.833,""intent"":""OUT_OF_SCOPE"",""intent_confidence"":0.178562,""slot"":""""}",False,False,,,,1,True,1.4965307712554932,11.833,2730.0,202520785,False,2,audio/trial_147.wav
148,no_wake,False,118,Filipino (group),Temperature 26 degrees,TEMPERATURE,Temperature 26 degrees,26 degrees,NO_RESPONSE,,,,,,,,,,0,False,,,,202520785,False,0,audio/trial_148.wav
149,wake,,16,Filipino (group),Tell me the time,TIME,Tell me the time,,OUT_OF_SCOPE,,,,"{""audio_ms"":1410.0,""decision"":""unsupported"",""event"":""command"",""in_scope_score"":0.999749,""infer_ms"":7.167,""intent"":""OUT_OF_SCOPE"",""intent_confidence"":0.904924,""slot"":""""}",False,False,,,,1,True,1.3999667167663574,7.167,1410.0,202520785,False,3,audio/trial_149.wav
150,wake,,82,Filipino (group),Timer 1 minute,TIMER,Timer 1 minute,1 minute,OUT_OF_SCOPE,,,,"{""audio_ms"":1590.0,""decision"":""unsupported"",""event"":""command"",""in_scope_score"":2e-06,""infer_ms"":7.877,""intent"":""OUT_OF_SCOPE"",""intent_confidence"":0.165352,""slot"":""""}",False,False,,,,1,True,1.621175765991211,7.877,1590.0,202520785,False,1,audio/trial_150.wav
151,wake,,103,Synthetic,Wake me up at 6 AM,ALARM,Wake me up at 6:00 AM,6:00 AM,ALARM,6 00 am,,,"{""audio_ms"":1950.0,""decision"":""execute"",""event"":""command"",""in_scope_score"":0.999992,""infer_ms"":9.345,""intent"":""ALARM"",""intent_confidence"":0.903913,""slot"":""6 00 am""}",True,True,True,0.0,0.3333333333333333,1,True,1.3948397636413574,9.345,1950.0,s10,True,2,audio/trial_151.wav
152,wake,,87,Synthetic,Countdown for 30 seconds,TIMER,Countdown for 30 seconds,30 seconds,OUT_OF_SCOPE,,,,"{""audio_ms"":2190.0,""decision"":""unsupported"",""event"":""command"",""in_scope_score"":0.99954,""infer_ms"":10.789,""intent"":""OUT_OF_SCOPE"",""intent_confidence"":0.89887,""slot"":""""}",False,False,,,,1,True,1.475278615951538,10.789,2190.0,s10,True,3,audio/trial_152.wav
153,wake,,28,Filipino (group),Turn off the lights,LIGHT_OFF,Shut off the lights,,OUT_OF_SCOPE,,,,"{""audio_ms"":1680.0,""decision"":""low_confidence"",""event"":""command"",""in_scope_score"":0.999997,""infer_ms"":8.31,""intent"":""OUT_OF_SCOPE"",""intent_confidence"":0.864059,""slot"":""""}",False,False,,,,1,True,1.0919103622436523,8.31,1680.0,202520785,False,1,audio/trial_153.wav
154,wake,,194,Native English,Bring some juice,OUT_OF_SCOPE,,,OUT_OF_SCOPE,,,,"{""audio_ms"":1320.0,""decision"":""unsupported"",""event"":""command"",""in_scope_score"":5.4e-05,""infer_ms"":7.003,""intent"":""OUT_OF_SCOPE"",""intent_confidence"":0.643812,""slot"":""""}",True,True,,,,1,True,1.5085129737854004,7.003,1320.0,R3mXwwoaX9IoRVKe,False,2,audio/trial_154.wav
155,wake,,48,Filipino (group),Volume up,VOLUME_UP,Volume up,,VOLUME_UP,,,,"{""audio_ms"":1110.0,""decision"":""execute"",""event"":""command"",""in_scope_score"":0.999987,""infer_ms"":6.796,""intent"":""VOLUME_UP"",""intent_confidence"":0.891718,""slot"":""""}",True,True,,,,1,True,-0.9972188472747803,6.796,1110.0,202520785,False,3,audio/trial_155.wav
156,wake,,196,Synthetic,Open the garage door.,OUT_OF_SCOPE,,,OUT_OF_SCOPE,,,,"{""audio_ms"":1650.0,""decision"":""unsupported"",""event"":""command"",""in_scope_score"":0.000328,""infer_ms"":8.156,""intent"":""OUT_OF_SCOPE"",""intent_confidence"":0.663409,""slot"":""""}",True,True,,,,1,True,1.5663511753082275,8.156,1650.0,s10,True,1,audio/trial_156.wav
157,wake,,29,Synthetic,Shut off the lights,LIGHT_OFF,Shut off the lights,,LIGHT_OFF,,,,"{""audio_ms"":1350.0,""decision"":""execute"",""event"":""command"",""in_scope_score"":0.999986,""infer_ms"":7.142,""intent"":""LIGHT_OFF"",""intent_confidence"":0.918752,""slot"":""""}",True,True,,,,1,True,1.3464748859405518,7.142,1350.0,s10,True,2,audio/trial_157.wav
158,wake,,184,Filipino (group),Create a reminder to Exercise,CREATE_REMINDER,Create a reminder to Exercise,Exercise,OUT_OF_SCOPE,,,,"{""audio_ms"":2400.0,""decision"":""unsupported"",""event"":""command"",""in_scope_score"":0.000903,""infer_ms"":11.426,""intent"":""OUT_OF_SCOPE"",""intent_confidence"":0.191478,""slot"":""""}",False,False,,,,1,True,1.5556435585021973,11.426,2400.0,202520785,False,3,audio/trial_158.wav
159,wake,,175,Synthetic,Remind me to drink water,CREATE_REMINDER,Remind me to Drink water,Drink water,OUT_OF_SCOPE,,,,"{""audio_ms"":1830.0,""decision"":""low_confidence"",""event"":""command"",""in_scope_score"":0.999986,""infer_ms"":9.079,""intent"":""OUT_OF_SCOPE"",""intent_confidence"":0.696984,""slot"":""""}",False,False,,,,1,True,1.4909348487854004,9.079,1830.0,s10,True,1,audio/trial_159.wav
160,wake,,93,Synthetic,Start a timer for 30 seconds,TIMER,Start a timer for 30 seconds,30 seconds,TIMER,30 seconds,,,"{""audio_ms"":2370.0,""decision"":""execute"",""event"":""command"",""in_scope_score"":0.999995,""infer_ms"":11.354,""intent"":""TIMER"",""intent_confidence"":0.876831,""slot"":""30 seconds""}",True,True,True,0.0,0.0,1,True,1.5808517932891846,11.354,2370.0,s10,True,2,audio/trial_160.wav
161,wake,,20,Filipino (group),Power on the lights,LIGHT_ON,Power on the lights,,LIGHT_ON,,,,"{""audio_ms"":1680.0,""decision"":""execute"",""event"":""command"",""in_scope_score"":0.999988,""infer_ms"":8.3,""intent"":""LIGHT_ON"",""intent_confidence"":0.909383,""slot"":""""}",True,True,,,,1,True,1.4539799690246582,8.3,1680.0,202520785,False,3,audio/trial_161.wav
162,no_wake,False,51,Synthetic,Increase the volume,VOLUME_UP,Increase the volume,,NO_RESPONSE,,,,,,,,,,0,False,,,,s10,True,0,audio/trial_162.wav
163,wake,,174,Filipino (group),Remind me to Drink water,CREATE_REMINDER,Remind me to Drink water,Drink water,OUT_OF_SCOPE,,,,"{""audio_ms"":2250.0,""decision"":""unsupported"",""event"":""command"",""in_scope_score"":0.99915,""infer_ms"":10.253,""intent"":""OUT_OF_SCOPE"",""intent_confidence"":0.918294,""slot"":""""}",False,False,,,,1,True,1.5022425651550293,10.253,2250.0,202520785,False,1,audio/trial_163.wav
164,wake,,195,Native English,More heat,OUT_OF_SCOPE,,,OUT_OF_SCOPE,,,,"{""audio_ms"":990.0,""decision"":""unsupported"",""event"":""command"",""in_scope_score"":0.044649,""infer_ms"":5.838,""intent"":""OUT_OF_SCOPE"",""intent_confidence"":0.530233,""slot"":""""}",True,True,,,,1,True,0.9195771217346191,5.838,990.0,R3mXwwoaX9IoRVKe,False,2,audio/trial_164.wav
165,wake,,71,Synthetic,Send my message,MESSAGE,Send my message,,MESSAGE,,,,"{""audio_ms"":1350.0,""decision"":""execute"",""event"":""command"",""in_scope_score"":0.999994,""infer_ms"":7.385,""intent"":""MESSAGE"",""intent_confidence"":0.886235,""slot"":""""}",True,True,,,,1,True,1.50941801071167,7.385,1350.0,s10,True,3,audio/trial_165.wav
166,wake,,24,Filipino (group),Lights off,LIGHT_OFF,Lights out,,LIGHT_OFF,,,,"{""audio_ms"":1500.0,""decision"":""execute"",""event"":""command"",""in_scope_score"":0.999998,""infer_ms"":7.422,""intent"":""LIGHT_OFF"",""intent_confidence"":0.872642,""slot"":""""}",True,True,,,,1,True,1.5523874759674072,7.422,1500.0,202520785,False,1,audio/trial_166.wav
167,wake,,11,Synthetic,Tell me the weather,WEATHER,Tell me the weather,,OUT_OF_SCOPE,,,,"{""audio_ms"":1230.0,""decision"":""low_confidence"",""event"":""command"",""in_scope_score"":0.999945,""infer_ms"":6.585,""intent"":""OUT_OF_SCOPE"",""intent_confidence"":0.807521,""slot"":""""}",False,False,,,,1,True,1.4656386375427246,6.585,1230.0,s10,True,2,audio/trial_167.wav
168,wake,,25,Synthetic,Lights out,LIGHT_OFF,Lights out,,LIGHT_OFF,,,,"{""audio_ms"":1020.0,""decision"":""execute"",""event"":""command"",""in_scope_score"":0.999975,""infer_ms"":6.25,""intent"":""LIGHT_OFF"",""intent_confidence"":0.893842,""slot"":""""}",True,True,,,,1,True,1.3786771297454834,6.25,1020.0,s10,True,3,audio/trial_168.wav
169,wake,,136,Filipino (group),Brightness 100 percent,BRIGHTNESS,Brightness 100 percent,100 percent,OUT_OF_SCOPE,,,,"{""audio_ms"":2490.0,""decision"":""unsupported"",""event"":""command"",""in_scope_score"":0.99876,""infer_ms"":11.553,""intent"":""OUT_OF_SCOPE"",""intent_confidence"":0.887113,""slot"":""""}",False,False,,,,1,True,1.6340785026550293,11.553,2490.0,202520785,False,1,audio/trial_169.wav
170,wake,,32,Filipino (group),Pause the music,PAUSE,Pause audio,,OUT_OF_SCOPE,,,,"{""audio_ms"":1410.0,""decision"":""unsupported"",""event"":""command"",""in_scope_score"":0.999847,""infer_ms"":7.2,""intent"":""OUT_OF_SCOPE"",""intent_confidence"":0.917108,""slot"":""""}",False,False,,,,1,True,1.549839735031128,7.2,1410.0,202520785,False,2,audio/trial_170.wav
171,wake,,107,Synthetic,Wake me up at 9 PM,ALARM,Wake me up at 9:00 PM,9:00 PM,ALARM,9 00 pm,,,"{""audio_ms"":1800.0,""decision"":""execute"",""event"":""command"",""in_scope_score"":0.999974,""infer_ms"":8.76,""intent"":""ALARM"",""intent_confidence"":0.883407,""slot"":""9 00 pm""}",True,True,True,0.0,0.375,1,True,1.4879071712493896,8.76,1800.0,s10,True,3,audio/trial_171.wav
172,wake,,0,Filipino (group),Play a song,PLAY_MUSIC,Play music,,OUT_OF_SCOPE,,,,"{""audio_ms"":1200.0,""decision"":""unsupported"",""event"":""command"",""in_scope_score"":0.221775,""infer_ms"":6.426,""intent"":""OUT_OF_SCOPE"",""intent_confidence"":0.774456,""slot"":""""}",False,False,,,,1,True,1.4614982604980469,6.426,1200.0,202520785,False,1,audio/trial_172.wav
173,wake,,146,Synthetic,Brightness level 60 percent,BRIGHTNESS,Brightness level 60 percent,60 percent,OUT_OF_SCOPE,,,,"{""audio_ms"":2220.0,""decision"":""unsupported"",""event"":""command"",""in_scope_score"":0.999875,""infer_ms"":10.124,""intent"":""OUT_OF_SCOPE"",""intent_confidence"":0.895248,""slot"":""""}",False,False,,,,1,True,1.50184965133667,10.124,2220.0,s10,True,2,audio/trial_173.wav
174,wake,,168,Filipino (group),Reminder Drink water,CREATE_REMINDER,Reminder Drink water,Drink water,OUT_OF_SCOPE,,,,"{""audio_ms"":2070.0,""decision"":""unsupported"",""event"":""command"",""in_scope_score"":0.277601,""infer_ms"":9.654,""intent"":""OUT_OF_SCOPE"",""intent_confidence"":0.304826,""slot"":""""}",False,False,,,,1,True,0.3797430992126465,9.654,2070.0,202520785,False,3,audio/trial_174.wav
175,wake,,163,Synthetic,Set color to red,COLOR,Set color to Red,Red,OUT_OF_SCOPE,,,,"{""audio_ms"":1800.0,""decision"":""unsupported"",""event"":""command"",""in_scope_score"":0.999383,""infer_ms"":8.823,""intent"":""OUT_OF_SCOPE"",""intent_confidence"":0.918906,""slot"":""""}",False,False,,,,1,True,1.4602549076080322,8.823,1800.0,s10,True,1,audio/trial_175.wav
176,wake,,2,Filipino (group),Start the music,PLAY_MUSIC,Start music,,PLAY_MUSIC,,,,"{""audio_ms"":1470.0,""decision"":""execute"",""event"":""command"",""in_scope_score"":0.999935,""infer_ms"":7.352,""intent"":""PLAY_MUSIC"",""intent_confidence"":0.924351,""slot"":""""}",True,True,,,,1,True,1.5142912864685059,7.352,1470.0,202520785,False,2,audio/trial_176.wav
177,wake,,9,Synthetic,What's the weather?,WEATHER,What's the weather?,,WEATHER,,,,"{""audio_ms"":1170.0,""decision"":""execute"",""event"":""command"",""in_scope_score"":0.999987,""infer_ms"":6.339,""intent"":""WEATHER"",""intent_confidence"":0.906749,""slot"":""""}",True,True,,,,1,True,1.4743232727050781,6.339,1170.0,s10,True,3,audio/trial_177.wav
178,wake,,81,Synthetic,Timer 30 seconds,TIMER,Timer 30 seconds,30 seconds,NO_RESPONSE,,,,,False,False,,,,0,False,,,,s10,True,1,audio/trial_178.wav
179,wake,,199,Synthetic,Start the washing machine.,OUT_OF_SCOPE,,,LIGHT_OFF,,,,"{""audio_ms"":1260.0,""decision"":""execute"",""event"":""command"",""in_scope_score"":0.999995,""infer_ms"":6.609,""intent"":""LIGHT_OFF"",""intent_confidence"":0.895204,""slot"":""""}",False,False,,,,1,True,-1.3479950428009033,6.609,1260.0,s100,True,2,audio/trial_179.wav
180,wake,,152,Filipino (group),Change the lights to Blue,COLOR,Change color to Blue,Blue,OUT_OF_SCOPE,,,,"{""audio_ms"":1650.0,""decision"":""unsupported"",""event"":""command"",""in_scope_score"":0.999331,""infer_ms"":8.187,""intent"":""OUT_OF_SCOPE"",""intent_confidence"":0.884471,""slot"":""""}",False,False,,,,1,True,1.3181846141815186,8.187,1650.0,202520785,False,3,audio/trial_180.wav
181,wake,,117,Synthetic,Temperature 22 degrees,TEMPERATURE,Temperature 22 degrees,22 degrees,TEMPERATURE,22 degrees,,,"{""audio_ms"":2160.0,""decision"":""execute"",""event"":""command"",""in_scope_score"":0.999957,""infer_ms"":10.018,""intent"":""TEMPERATURE"",""intent_confidence"":0.912402,""slot"":""22 degrees""}",True,True,True,0.0,0.0,1,True,1.500943899154663,10.018,2160.0,s10,True,1,audio/trial_181.wav
182,wake,,166,Filipino (group),Set the lights to Green,COLOR,Set color to Green,Green,COLOR,green,,,"{""audio_ms"":1710.0,""decision"":""execute"",""event"":""command"",""in_scope_score"":0.999992,""infer_ms"":8.524,""intent"":""COLOR"",""intent_confidence"":0.910939,""slot"":""green""}",True,True,True,,0.0,1,True,-1.3192658424377441,8.524,1710.0,202520785,False,2,audio/trial_182.wav
183,no_wake,False,23,Synthetic,Turn on the lights,LIGHT_ON,Turn on the lights,,NO_RESPONSE,,,,,,,,,,0,False,,,,s10,True,0,audio/trial_183.wav
184,wake,,137,Synthetic,Brightness 100 percent,BRIGHTNESS,Brightness 100 percent,100 percent,OUT_OF_SCOPE,,,,"{""audio_ms"":2160.0,""decision"":""unsupported"",""event"":""command"",""in_scope_score"":0.999846,""infer_ms"":10.011,""intent"":""OUT_OF_SCOPE"",""intent_confidence"":0.919217,""slot"":""""}",False,False,,,,1,True,1.4753930568695068,10.011,2160.0,s10,True,3,audio/trial_184.wav
185,wake,,33,Synthetic,Pause audio,PAUSE,Pause audio,,OUT_OF_SCOPE,,,,"{""audio_ms"":1200.0,""decision"":""unsupported"",""event"":""command"",""in_scope_score"":0.985552,""infer_ms"":6.613,""intent"":""OUT_OF_SCOPE"",""intent_confidence"":0.80271,""slot"":""""}",False,False,,,,1,True,1.485736608505249,6.613,1200.0,s10,True,1,audio/trial_185.wav
186,wake,,79,Synthetic,Timer 10 seconds,TIMER,Timer 10 seconds,10 seconds,OUT_OF_SCOPE,,,,"{""audio_ms"":1620.0,""decision"":""unsupported"",""event"":""command"",""in_scope_score"":0.999105,""infer_ms"":8.007,""intent"":""OUT_OF_SCOPE"",""intent_confidence"":0.830619,""slot"":""""}",False,False,,,,1,True,1.570791244506836,8.007,1620.0,s10,True,2,audio/trial_186.wav
187,wake,,91,Synthetic,Start a timer for 10 seconds,TIMER,Start a timer for 10 seconds,10 seconds,OUT_OF_SCOPE,,,,"{""audio_ms"":2220.0,""decision"":""low_confidence"",""event"":""command"",""in_scope_score"":0.999975,""infer_ms"":10.167,""intent"":""OUT_OF_SCOPE"",""intent_confidence"":0.824822,""slot"":""""}",False,False,,,,1,True,1.5900726318359375,10.167,2220.0,s10,True,3,audio/trial_187.wav
188,wake,,55,Synthetic,Volume down,VOLUME_DOWN,Volume down,,OUT_OF_SCOPE,,,,"{""audio_ms"":1290.0,""decision"":""unsupported"",""event"":""command"",""in_scope_score"":0.999903,""infer_ms"":6.628,""intent"":""OUT_OF_SCOPE"",""intent_confidence"":0.889602,""slot"":""""}",False,False,,,,1,True,1.3665618896484375,6.628,1290.0,s10,True,1,audio/trial_188.wav
189,no_wake,False,27,Synthetic,Kill the lights,LIGHT_OFF,Kill the lights,,NO_RESPONSE,,,,,,,,,,0,False,,,,s10,True,0,audio/trial_189.wav
190,wake,,63,Synthetic,Make a call,CALL,Make a call,,CALL,,,,"{""audio_ms"":1050.0,""decision"":""execute"",""event"":""command"",""in_scope_score"":0.999966,""infer_ms"":6.036,""intent"":""CALL"",""intent_confidence"":0.902003,""slot"":""""}",True,True,,,,1,True,1.5319011211395264,6.036,1050.0,s10,True,2,audio/trial_190.wav
191,wake,,108,Filipino (group),Set an alarm for 6:00 AM,ALARM,Set an alarm for 6:00 AM,6:00 AM,ALARM,six am,,,"{""audio_ms"":2220.0,""decision"":""execute"",""event"":""command"",""in_scope_score"":0.999997,""infer_ms"":10.153,""intent"":""ALARM"",""intent_confidence"":0.89019,""slot"":""six am""}",True,True,True,0.0,0.0,1,True,0.9406123161315918,10.153,2220.0,202520785,False,3,audio/trial_191.wav
192,wake,,17,Synthetic,Tell me the time,TIME,Tell me the time,,TIME,,,,"{""audio_ms"":1140.0,""decision"":""execute"",""event"":""command"",""in_scope_score"":0.99998,""infer_ms"":6.181,""intent"":""TIME"",""intent_confidence"":0.89398,""slot"":""""}",True,True,,,,1,True,1.4547295570373535,6.181,1140.0,s10,True,1,audio/trial_192.wav
193,wake,,53,Synthetic,Turn the volume up,VOLUME_UP,Turn the volume up,,VOLUME_UP,,,,"{""audio_ms"":1350.0,""decision"":""execute"",""event"":""command"",""in_scope_score"":0.999986,""infer_ms"":6.984,""intent"":""VOLUME_UP"",""intent_confidence"":0.87871,""slot"":""""}",True,True,,,,1,True,1.3757665157318115,6.984,1350.0,s10,True,2,audio/trial_193.wav
194,no_wake,False,47,Synthetic,Play next song,NEXT,Play next song,,NO_RESPONSE,,,,,,,,,,0,False,,,,s10,True,0,audio/trial_194.wav
195,wake,,132,Filipino (group),Brightness 20 percent,BRIGHTNESS,Brightness 20 percent,20 percent,OUT_OF_SCOPE,,,,"{""audio_ms"":1890.0,""decision"":""unsupported"",""event"":""command"",""in_scope_score"":0.987213,""infer_ms"":9.078,""intent"":""OUT_OF_SCOPE"",""intent_confidence"":0.654508,""slot"":""""}",False,False,,,,1,True,0.04385709762573242,9.078,1890.0,202520785,False,3,audio/trial_195.wav
196,wake,,18,Filipino (group),Lights on,LIGHT_ON,Lights on,,LIGHT_ON,,,,"{""audio_ms"":1170.0,""decision"":""execute"",""event"":""command"",""in_scope_score"":0.99999,""infer_ms"":6.341,""intent"":""LIGHT_ON"",""intent_confidence"":0.907056,""slot"":""""}",True,True,,,,1,True,1.3375613689422607,6.341,1170.0,202520785,False,1,audio/trial_196.wav
197,wake,,90,Filipino (group),Start a timer for 10 seconds,TIMER,Start a timer for 10 seconds,10 seconds,NO_RESPONSE,,,,,False,False,,,,0,False,,,,202520785,False,2,audio/trial_197.wav
198,wake,,191,Native English,Set language to Chinese,OUT_OF_SCOPE,,,OUT_OF_SCOPE,,,,"{""audio_ms"":1950.0,""decision"":""unsupported"",""event"":""command"",""in_scope_score"":0.940684,""infer_ms"":9.143,""intent"":""OUT_OF_SCOPE"",""intent_confidence"":0.822274,""slot"":""""}",True,True,,,,1,True,1.464189052581787,9.143,1950.0,R3mXwwoaX9IoRVKe,False,3,audio/trial_198.wav
199,wake,,121,Synthetic,Change the temperature to 18 degrees,TEMPERATURE,Change the temperature to 18 degrees,18 degrees,TEMPERATURE,18 degrees,,,"{""audio_ms"":3180.0,""decision"":""execute"",""event"":""command"",""in_scope_score"":0.999991,""infer_ms"":13.665,""intent"":""TEMPERATURE"",""intent_confidence"":0.893124,""slot"":""18 degrees""}",True,True,True,0.0,0.0,1,True,1.5035130977630615,13.665,3180.0,s10,True,1,audio/trial_199.wav
200,wake,,158,Synthetic,Switch color to blue,COLOR,Switch color to Blue,Blue,COLOR,re,,,"{""audio_ms"":1560.0,""decision"":""execute"",""event"":""command"",""in_scope_score"":0.999983,""infer_ms"":7.841,""intent"":""COLOR"",""intent_confidence"":0.925747,""slot"":""re""}",True,False,False,,1.0,1,True,1.5046420097351074,7.841,1560.0,s10,True,2,audio/trial_200.wav
201,wake,,4,Native English,Put on the music,PLAY_MUSIC,Play some music,,PLAY_MUSIC,,,,"{""audio_ms"":1290.0,""decision"":""execute"",""event"":""command"",""in_scope_score"":0.999923,""infer_ms"":6.586,""intent"":""PLAY_MUSIC"",""intent_confidence"":0.926516,""slot"":""""}",True,True,,,,1,True,1.5298476219177246,6.586,1290.0,R3mXwwoaX9IoRVKe,False,3,audio/trial_201.wav
202,wake,,150,Filipino (group),Change the lights to Red,COLOR,Change color to Red,Red,OUT_OF_SCOPE,,,,"{""audio_ms"":1680.0,""decision"":""unsupported"",""event"":""command"",""in_scope_score"":0.964974,""infer_ms"":8.301,""intent"":""OUT_OF_SCOPE"",""intent_confidence"":0.865409,""slot"":""""}",False,False,,,,1,True,1.5385558605194092,8.301,1680.0,202520785,False,1,audio/trial_202.wav
203,wake,,127,Synthetic,Set the temperature to 18 degrees,TEMPERATURE,Set the temperature to 18 degrees,18 degrees,TEMPERATURE,18 degrees,,,"{""audio_ms"":2760.0,""decision"":""execute"",""event"":""command"",""in_scope_score"":0.999993,""infer_ms"":12.019,""intent"":""TEMPERATURE"",""intent_confidence"":0.898308,""slot"":""18 degrees""}",True,True,True,0.0,0.0,1,True,1.5389158725738525,12.019,2760.0,s10,True,2,audio/trial_203.wav
204,no_wake,False,74,Filipino (group),Show my reminders,LIST_REMINDERS,Show my reminders,,NO_RESPONSE,,,,,,,,,,0,False,,,,202520785,False,0,audio/trial_204.wav
205,wake,,154,Filipino (group),Change the lights to Green,COLOR,Change color to Green,Green,OUT_OF_SCOPE,,,,"{""audio_ms"":1740.0,""decision"":""unsupported"",""event"":""command"",""in_scope_score"":0.999889,""infer_ms"":8.745,""intent"":""OUT_OF_SCOPE"",""intent_confidence"":0.920628,""slot"":""""}",False,False,,,,1,True,1.3763818740844727,8.745,1740.0,202520785,False,3,audio/trial_205.wav
206,no_wake,False,11,Synthetic,Tell me the weather,WEATHER,Tell me the weather,,NO_RESPONSE,,,,,,,,,,0,False,,,,s10,True,0,audio/trial_206.wav
207,wake,,42,Filipino (group),Next song,NEXT,Next song,,NO_RESPONSE,,,,,False,False,,,,0,False,,,,202520785,False,1,audio/trial_207.wav
208,wake,,178,Filipino (group),Remind me to Exercise,CREATE_REMINDER,Remind me to Exercise,Exercise,OUT_OF_SCOPE,,,,"{""audio_ms"":1980.0,""decision"":""unsupported"",""event"":""command"",""in_scope_score"":0.979628,""infer_ms"":9.41,""intent"":""OUT_OF_SCOPE"",""intent_confidence"":0.860195,""slot"":""""}",False,False,,,,1,True,1.0311024188995361,9.41,1980.0,202520785,False,2,audio/trial_208.wav
209,no_wake,False,57,Synthetic,Lower the volume,VOLUME_DOWN,Lower the volume,,NO_RESPONSE,,,,,,,,,,0,False,,,,s10,True,0,audio/trial_209.wav
210,wake,,181,Synthetic,Create a reminder to drink water,CREATE_REMINDER,Create a reminder to Drink water,Drink water,CREATE_REMINDER,dotw water,,,"{""audio_ms"":2760.0,""decision"":""execute"",""event"":""command"",""in_scope_score"":0.999986,""infer_ms"":12.029,""intent"":""CREATE_REMINDER"",""intent_confidence"":0.94858,""slot"":""dotw water""}",True,False,False,,0.375,1,True,1.5186762809753418,12.029,2760.0,s10,True,3,audio/trial_210.wav
211,wake,,144,Synthetic,Brightness level 20 percent,BRIGHTNESS,Brightness level 20 percent,20 percent,BRIGHTNESS,20 percent,,,"{""audio_ms"":2280.0,""decision"":""execute"",""event"":""command"",""in_scope_score"":0.999986,""infer_ms"":10.446,""intent"":""BRIGHTNESS"",""intent_confidence"":0.920928,""slot"":""20 percent""}",True,True,True,0.0,0.0,1,True,1.516202688217163,10.446,2280.0,s10,True,1,audio/trial_211.wav
212,wake,,70,Filipino (group),Send my message,MESSAGE,Send my message,,NO_RESPONSE,,,,,False,False,,,,0,False,,,,202520785,False,2,audio/trial_212.wav
213,wake,,182,Filipino (group),Create a reminder to Study,CREATE_REMINDER,Create a reminder to Study,Study,OUT_OF_SCOPE,,,,"{""audio_ms"":1920.0,""decision"":""unsupported"",""event"":""command"",""in_scope_score"":0.999853,""infer_ms"":9.426,""intent"":""OUT_OF_SCOPE"",""intent_confidence"":0.880142,""slot"":""""}",False,False,,,,1,True,1.4828033447265625,9.426,1920.0,202520785,False,3,audio/trial_213.wav
214,wake,,129,Synthetic,Set the temperature to 22 degrees,TEMPERATURE,Set the temperature to 22 degrees,22 degrees,TEMPERATURE,22 degrees,,,"{""audio_ms"":2610.0,""decision"":""execute"",""event"":""command"",""in_scope_score"":0.999992,""infer_ms"":12.021,""intent"":""TEMPERATURE"",""intent_confidence"":0.889195,""slot"":""22 degrees""}",True,True,True,0.0,0.0,1,True,1.6260640621185303,12.021,2610.0,s10,True,1,audio/trial_214.wav
215,wake,,61,Synthetic,Call,CALL,Call,,CALL,,,,"{""audio_ms"":750.0,""decision"":""execute"",""event"":""command"",""in_scope_score"":0.999981,""infer_ms"":4.888,""intent"":""CALL"",""intent_confidence"":0.900169,""slot"":""""}",True,True,,,,1,True,1.4826228618621826,4.888,750.0,s10,True,2,audio/trial_215.wav
216,wake,,164,Filipino (group),Color Blue,COLOR,Set color to Blue,Blue,OUT_OF_SCOPE,,,,"{""audio_ms"":1080.0,""decision"":""unsupported"",""event"":""command"",""in_scope_score"":0.934517,""infer_ms"":6.491,""intent"":""OUT_OF_SCOPE"",""intent_confidence"":0.335524,""slot"":""""}",False,False,,,,1,True,1.5003142356872559,6.491,1080.0,202520785,False,3,audio/trial_216.wav
217,wake,,119,Synthetic,Temperature 26 degrees,TEMPERATURE,Temperature 26 degrees,26 degrees,TEMPERATURE,26 degrees,,,"{""audio_ms"":2040.0,""decision"":""execute"",""event"":""command"",""in_scope_score"":0.999974,""infer_ms"":9.671,""intent"":""TEMPERATURE"",""intent_confidence"":0.876918,""slot"":""26 degrees""}",True,True,True,0.0,0.0,1,True,1.514723777770996,9.671,2040.0,s10,True,1,audio/trial_217.wav
